id,name,model_id:id,group_id:id,perm_read,perm_write,perm_create,perm_unlink
access_courier_model,access.courier.model,model_courier_model,,1,1,1,1
access_courier_group,access.courier.group,model_courier_group,,1,1,1,1
access_courier_group_line,access.courier.group.line,model_courier_group_line,,1,1,1,1
access_courier_rates,access.courier.rates,model_courier_rates,,1,1,1,1
access_courier_rates_line,access.courier.rates.line,model_courier_rates_line,,1,1,1,1
access_courier_zone,access.courier.zone,model_courier_zone,,1,1,1,1
access_courier_cities,access.courier.cities,model_courier_cities,,1,1,1,1
access_courier_cities_line,access.courier.cities.line,model_courier_cities_line,,1,1,1,1
access_courier_provinces,access.courier.provinces,model_courier_provinces,,1,1,1,1
access_courier_provinces_line,access.courier.provinces.line,model_courier_provinces_line,,1,1,1,1